<annotation>
	<folder>Resized_images</folder>
	<filename>20230704_211859129_iOS.jpg</filename>
	<path>C:\Users\HP\Documents\Tomato dataset\Feature_eng\Resized_images\20230704_211859129_iOS.jpg</path>
	<source>
		<database>Unknown</database>
	</source>
	<size>
		<width>230</width>
		<height>230</height>
		<depth>3</depth>
	</size>
	<segmented>0</segmented>
	<object>
		<name>Dried leaf</name>
		<pose>Unspecified</pose>
		<truncated>1</truncated>
		<difficult>0</difficult>
		<bndbox>
			<xmin>20</xmin>
			<ymin>4</ymin>
			<xmax>230</xmax>
			<ymax>227</ymax>
		</bndbox>
	</object>
</annotation>
