<annotation>
	<folder>Wildlife animals</folder>
	<filename>Image_30.jpg</filename>
	<path>C:\Users\HP\Documents\wildlife dataset\Wildlife animals\Image_30.jpg</path>
	<source>
		<database>Unknown</database>
	</source>
	<size>
		<width>1600</width>
		<height>1067</height>
		<depth>3</depth>
	</size>
	<segmented>0</segmented>
	<object>
		<name>Cougar</name>
		<pose>Unspecified</pose>
		<truncated>0</truncated>
		<difficult>0</difficult>
		<bndbox>
			<xmin>7</xmin>
			<ymin>197</ymin>
			<xmax>1479</xmax>
			<ymax>1040</ymax>
		</bndbox>
	</object>
</annotation>
