<annotation>
	<folder>Wildlife animals</folder>
	<filename>Image_27.jpg</filename>
	<path>C:\Users\HP\Documents\wildlife dataset\Wildlife animals\Image_27.jpg</path>
	<source>
		<database>Unknown</database>
	</source>
	<size>
		<width>1500</width>
		<height>998</height>
		<depth>3</depth>
	</size>
	<segmented>0</segmented>
	<object>
		<name>Elephant</name>
		<pose>Unspecified</pose>
		<truncated>0</truncated>
		<difficult>0</difficult>
		<bndbox>
			<xmin>638</xmin>
			<ymin>409</ymin>
			<xmax>909</xmax>
			<ymax>781</ymax>
		</bndbox>
	</object>
	<object>
		<name>Butterfly</name>
		<pose>Unspecified</pose>
		<truncated>0</truncated>
		<difficult>0</difficult>
		<bndbox>
			<xmin>614</xmin>
			<ymin>420</ymin>
			<xmax>647</xmax>
			<ymax>446</ymax>
		</bndbox>
	</object>
	<object>
		<name>Butterfly</name>
		<pose>Unspecified</pose>
		<truncated>0</truncated>
		<difficult>0</difficult>
		<bndbox>
			<xmin>674</xmin>
			<ymin>385</ymin>
			<xmax>713</xmax>
			<ymax>402</ymax>
		</bndbox>
	</object>
	<object>
		<name>Butterfly</name>
		<pose>Unspecified</pose>
		<truncated>0</truncated>
		<difficult>0</difficult>
		<bndbox>
			<xmin>742</xmin>
			<ymin>384</ymin>
			<xmax>770</xmax>
			<ymax>405</ymax>
		</bndbox>
	</object>
	<object>
		<name>Butterfly</name>
		<pose>Unspecified</pose>
		<truncated>0</truncated>
		<difficult>0</difficult>
		<bndbox>
			<xmin>803</xmin>
			<ymin>370</ymin>
			<xmax>832</xmax>
			<ymax>392</ymax>
		</bndbox>
	</object>
	<object>
		<name>bird</name>
		<pose>Unspecified</pose>
		<truncated>0</truncated>
		<difficult>0</difficult>
		<bndbox>
			<xmin>907</xmin>
			<ymin>319</ymin>
			<xmax>993</xmax>
			<ymax>386</ymax>
		</bndbox>
	</object>
	<object>
		<name>bird</name>
		<pose>Unspecified</pose>
		<truncated>0</truncated>
		<difficult>0</difficult>
		<bndbox>
			<xmin>1256</xmin>
			<ymin>436</ymin>
			<xmax>1365</xmax>
			<ymax>519</ymax>
		</bndbox>
	</object>
	<object>
		<name>bird</name>
		<pose>Unspecified</pose>
		<truncated>0</truncated>
		<difficult>0</difficult>
		<bndbox>
			<xmin>1023</xmin>
			<ymin>218</ymin>
			<xmax>1074</xmax>
			<ymax>242</ymax>
		</bndbox>
	</object>
	<object>
		<name>bird</name>
		<pose>Unspecified</pose>
		<truncated>0</truncated>
		<difficult>0</difficult>
		<bndbox>
			<xmin>1052</xmin>
			<ymin>160</ymin>
			<xmax>1081</xmax>
			<ymax>207</ymax>
		</bndbox>
	</object>
	<object>
		<name>bird</name>
		<pose>Unspecified</pose>
		<truncated>0</truncated>
		<difficult>0</difficult>
		<bndbox>
			<xmin>995</xmin>
			<ymin>140</ymin>
			<xmax>1037</xmax>
			<ymax>184</ymax>
		</bndbox>
	</object>
	<object>
		<name>bird</name>
		<pose>Unspecified</pose>
		<truncated>0</truncated>
		<difficult>0</difficult>
		<bndbox>
			<xmin>925</xmin>
			<ymin>116</ymin>
			<xmax>958</xmax>
			<ymax>141</ymax>
		</bndbox>
	</object>
	<object>
		<name>bird</name>
		<pose>Unspecified</pose>
		<truncated>0</truncated>
		<difficult>0</difficult>
		<bndbox>
			<xmin>904</xmin>
			<ymin>135</ymin>
			<xmax>942</xmax>
			<ymax>168</ymax>
		</bndbox>
	</object>
	<object>
		<name>bird</name>
		<pose>Unspecified</pose>
		<truncated>0</truncated>
		<difficult>0</difficult>
		<bndbox>
			<xmin>847</xmin>
			<ymin>195</ymin>
			<xmax>890</xmax>
			<ymax>234</ymax>
		</bndbox>
	</object>
	<object>
		<name>bird</name>
		<pose>Unspecified</pose>
		<truncated>0</truncated>
		<difficult>0</difficult>
		<bndbox>
			<xmin>765</xmin>
			<ymin>157</ymin>
			<xmax>797</xmax>
			<ymax>184</ymax>
		</bndbox>
	</object>
	<object>
		<name>bird</name>
		<pose>Unspecified</pose>
		<truncated>0</truncated>
		<difficult>0</difficult>
		<bndbox>
			<xmin>788</xmin>
			<ymin>141</ymin>
			<xmax>824</xmax>
			<ymax>166</ymax>
		</bndbox>
	</object>
	<object>
		<name>bird</name>
		<pose>Unspecified</pose>
		<truncated>0</truncated>
		<difficult>0</difficult>
		<bndbox>
			<xmin>702</xmin>
			<ymin>207</ymin>
			<xmax>756</xmax>
			<ymax>247</ymax>
		</bndbox>
	</object>
	<object>
		<name>bird</name>
		<pose>Unspecified</pose>
		<truncated>0</truncated>
		<difficult>0</difficult>
		<bndbox>
			<xmin>627</xmin>
			<ymin>245</ymin>
			<xmax>667</xmax>
			<ymax>274</ymax>
		</bndbox>
	</object>
	<object>
		<name>bird</name>
		<pose>Unspecified</pose>
		<truncated>0</truncated>
		<difficult>0</difficult>
		<bndbox>
			<xmin>603</xmin>
			<ymin>269</ymin>
			<xmax>641</xmax>
			<ymax>302</ymax>
		</bndbox>
	</object>
	<object>
		<name>bird</name>
		<pose>Unspecified</pose>
		<truncated>0</truncated>
		<difficult>0</difficult>
		<bndbox>
			<xmin>592</xmin>
			<ymin>239</ymin>
			<xmax>624</xmax>
			<ymax>262</ymax>
		</bndbox>
	</object>
	<object>
		<name>bird</name>
		<pose>Unspecified</pose>
		<truncated>0</truncated>
		<difficult>0</difficult>
		<bndbox>
			<xmin>480</xmin>
			<ymin>222</ymin>
			<xmax>519</xmax>
			<ymax>270</ymax>
		</bndbox>
	</object>
	<object>
		<name>bird</name>
		<pose>Unspecified</pose>
		<truncated>0</truncated>
		<difficult>0</difficult>
		<bndbox>
			<xmin>524</xmin>
			<ymin>310</ymin>
			<xmax>607</xmax>
			<ymax>394</ymax>
		</bndbox>
	</object>
	<object>
		<name>bird</name>
		<pose>Unspecified</pose>
		<truncated>0</truncated>
		<difficult>0</difficult>
		<bndbox>
			<xmin>165</xmin>
			<ymin>388</ymin>
			<xmax>260</xmax>
			<ymax>480</ymax>
		</bndbox>
	</object>
	<object>
		<name>Tiger</name>
		<pose>Unspecified</pose>
		<truncated>0</truncated>
		<difficult>0</difficult>
		<bndbox>
			<xmin>1215</xmin>
			<ymin>608</ymin>
			<xmax>1456</xmax>
			<ymax>817</ymax>
		</bndbox>
	</object>
	<object>
		<name>Antelope</name>
		<pose>Unspecified</pose>
		<truncated>0</truncated>
		<difficult>0</difficult>
		<bndbox>
			<xmin>1120</xmin>
			<ymin>674</ymin>
			<xmax>1252</xmax>
			<ymax>795</ymax>
		</bndbox>
	</object>
	<object>
		<name>Antelope</name>
		<pose>Unspecified</pose>
		<truncated>0</truncated>
		<difficult>0</difficult>
		<bndbox>
			<xmin>788</xmin>
			<ymin>670</ymin>
			<xmax>964</xmax>
			<ymax>806</ymax>
		</bndbox>
	</object>
	<object>
		<name>Giraffe</name>
		<pose>Unspecified</pose>
		<truncated>0</truncated>
		<difficult>0</difficult>
		<bndbox>
			<xmin>835</xmin>
			<ymin>367</ymin>
			<xmax>1223</xmax>
			<ymax>835</ymax>
		</bndbox>
	</object>
	<object>
		<name>Elephant</name>
		<pose>Unspecified</pose>
		<truncated>0</truncated>
		<difficult>0</difficult>
		<bndbox>
			<xmin>907</xmin>
			<ymin>517</ymin>
			<xmax>1237</xmax>
			<ymax>796</ymax>
		</bndbox>
	</object>
	<object>
		<name>Giraffe</name>
		<pose>Unspecified</pose>
		<truncated>0</truncated>
		<difficult>0</difficult>
		<bndbox>
			<xmin>307</xmin>
			<ymin>297</ymin>
			<xmax>698</xmax>
			<ymax>808</ymax>
		</bndbox>
	</object>
	<object>
		<name>Tiger</name>
		<pose>Unspecified</pose>
		<truncated>0</truncated>
		<difficult>0</difficult>
		<bndbox>
			<xmin>362</xmin>
			<ymin>620</ymin>
			<xmax>649</xmax>
			<ymax>839</ymax>
		</bndbox>
	</object>
	<object>
		<name>Elephant</name>
		<pose>Unspecified</pose>
		<truncated>0</truncated>
		<difficult>0</difficult>
		<bndbox>
			<xmin>165</xmin>
			<ymin>480</ymin>
			<xmax>637</xmax>
			<ymax>862</ymax>
		</bndbox>
	</object>
	<object>
		<name>Deer</name>
		<pose>Unspecified</pose>
		<truncated>0</truncated>
		<difficult>0</difficult>
		<bndbox>
			<xmin>26</xmin>
			<ymin>600</ymin>
			<xmax>318</xmax>
			<ymax>790</ymax>
		</bndbox>
	</object>
</annotation>
