<annotation>
	<folder>Wildlife animals</folder>
	<filename>Image_29.jpg</filename>
	<path>C:\Users\HP\Documents\wildlife dataset\Wildlife animals\Image_29.jpg</path>
	<source>
		<database>Unknown</database>
	</source>
	<size>
		<width>1992</width>
		<height>1422</height>
		<depth>3</depth>
	</size>
	<segmented>0</segmented>
	<object>
		<name>bird</name>
		<pose>Unspecified</pose>
		<truncated>0</truncated>
		<difficult>0</difficult>
		<bndbox>
			<xmin>760</xmin>
			<ymin>42</ymin>
			<xmax>1899</xmax>
			<ymax>928</ymax>
		</bndbox>
	</object>
</annotation>
