<annotation>
	<folder>Wildlife animals</folder>
	<filename>Image_18.jpg</filename>
	<path>C:\Users\HP\Documents\wildlife dataset\Wildlife animals\Image_18.jpg</path>
	<source>
		<database>Unknown</database>
	</source>
	<size>
		<width>1920</width>
		<height>1080</height>
		<depth>3</depth>
	</size>
	<segmented>0</segmented>
	<object>
		<name>Cheetah</name>
		<pose>Unspecified</pose>
		<truncated>1</truncated>
		<difficult>0</difficult>
		<bndbox>
			<xmin>1</xmin>
			<ymin>158</ymin>
			<xmax>1725</xmax>
			<ymax>988</ymax>
		</bndbox>
	</object>
</annotation>
