<annotation>
	<folder>Wildlife animals</folder>
	<filename>Image_11.jpg</filename>
	<path>C:\Users\HP\Documents\wildlife dataset\Wildlife animals\Image_11.jpg</path>
	<source>
		<database>Unknown</database>
	</source>
	<size>
		<width>1280</width>
		<height>1024</height>
		<depth>3</depth>
	</size>
	<segmented>0</segmented>
	<object>
		<name>Cheetah</name>
		<pose>Unspecified</pose>
		<truncated>1</truncated>
		<difficult>0</difficult>
		<bndbox>
			<xmin>1</xmin>
			<ymin>175</ymin>
			<xmax>1167</xmax>
			<ymax>1018</ymax>
		</bndbox>
	</object>
	<object>
		<name>Cheetah</name>
		<pose>Unspecified</pose>
		<truncated>0</truncated>
		<difficult>0</difficult>
		<bndbox>
			<xmin>355</xmin>
			<ymin>297</ymin>
			<xmax>911</xmax>
			<ymax>1019</ymax>
		</bndbox>
	</object>
	<object>
		<name>Cheetah</name>
		<pose>Unspecified</pose>
		<truncated>1</truncated>
		<difficult>0</difficult>
		<bndbox>
			<xmin>3</xmin>
			<ymin>641</ymin>
			<xmax>434</xmax>
			<ymax>1024</ymax>
		</bndbox>
	</object>
</annotation>
