<annotation>
	<folder>Wildlife animals</folder>
	<filename>Image_12.jpg</filename>
	<path>C:\Users\HP\Documents\wildlife dataset\Wildlife animals\Image_12.jpg</path>
	<source>
		<database>Unknown</database>
	</source>
	<size>
		<width>1049</width>
		<height>1049</height>
		<depth>3</depth>
	</size>
	<segmented>0</segmented>
	<object>
		<name>Moose</name>
		<pose>Unspecified</pose>
		<truncated>1</truncated>
		<difficult>0</difficult>
		<bndbox>
			<xmin>159</xmin>
			<ymin>43</ymin>
			<xmax>949</xmax>
			<ymax>1049</ymax>
		</bndbox>
	</object>
</annotation>
