<annotation>
	<folder>Wildlife animals</folder>
	<filename>Image_16.jpg</filename>
	<path>C:\Users\HP\Documents\wildlife dataset\Wildlife animals\Image_16.jpg</path>
	<source>
		<database>Unknown</database>
	</source>
	<size>
		<width>1600</width>
		<height>1000</height>
		<depth>3</depth>
	</size>
	<segmented>0</segmented>
	<object>
		<name>Cheetah</name>
		<pose>Unspecified</pose>
		<truncated>0</truncated>
		<difficult>0</difficult>
		<bndbox>
			<xmin>529</xmin>
			<ymin>192</ymin>
			<xmax>1572</xmax>
			<ymax>826</ymax>
		</bndbox>
	</object>
	<object>
		<name>Cheetah</name>
		<pose>Unspecified</pose>
		<truncated>0</truncated>
		<difficult>0</difficult>
		<bndbox>
			<xmin>27</xmin>
			<ymin>126</ymin>
			<xmax>786</xmax>
			<ymax>771</ymax>
		</bndbox>
	</object>
</annotation>
