<annotation>
	<folder>Wildlife animals</folder>
	<filename>Image_25.jpg</filename>
	<path>C:\Users\HP\Documents\wildlife dataset\Wildlife animals\Image_25.jpg</path>
	<source>
		<database>Unknown</database>
	</source>
	<size>
		<width>1120</width>
		<height>700</height>
		<depth>3</depth>
	</size>
	<segmented>0</segmented>
	<object>
		<name>Lion</name>
		<pose>Unspecified</pose>
		<truncated>0</truncated>
		<difficult>0</difficult>
		<bndbox>
			<xmin>465</xmin>
			<ymin>433</ymin>
			<xmax>635</xmax>
			<ymax>651</ymax>
		</bndbox>
	</object>
	<object>
		<name>Zebra</name>
		<pose>Unspecified</pose>
		<truncated>0</truncated>
		<difficult>0</difficult>
		<bndbox>
			<xmin>324</xmin>
			<ymin>349</ymin>
			<xmax>554</xmax>
			<ymax>623</ymax>
		</bndbox>
	</object>
	<object>
		<name>Cheetah</name>
		<pose>Unspecified</pose>
		<truncated>0</truncated>
		<difficult>0</difficult>
		<bndbox>
			<xmin>248</xmin>
			<ymin>431</ymin>
			<xmax>438</xmax>
			<ymax>616</ymax>
		</bndbox>
	</object>
	<object>
		<name>Giraffe</name>
		<pose>Unspecified</pose>
		<truncated>0</truncated>
		<difficult>0</difficult>
		<bndbox>
			<xmin>282</xmin>
			<ymin>235</ymin>
			<xmax>594</xmax>
			<ymax>445</ymax>
		</bndbox>
	</object>
	<object>
		<name>Giraffe</name>
		<pose>Unspecified</pose>
		<truncated>0</truncated>
		<difficult>0</difficult>
		<bndbox>
			<xmin>241</xmin>
			<ymin>335</ymin>
			<xmax>420</xmax>
			<ymax>487</ymax>
		</bndbox>
	</object>
	<object>
		<name>Elephant</name>
		<pose>Unspecified</pose>
		<truncated>0</truncated>
		<difficult>0</difficult>
		<bndbox>
			<xmin>526</xmin>
			<ymin>233</ymin>
			<xmax>837</xmax>
			<ymax>601</ymax>
		</bndbox>
	</object>
	<object>
		<name>Rhino</name>
		<pose>Unspecified</pose>
		<truncated>0</truncated>
		<difficult>0</difficult>
		<bndbox>
			<xmin>719</xmin>
			<ymin>375</ymin>
			<xmax>1052</xmax>
			<ymax>619</ymax>
		</bndbox>
	</object>
</annotation>
