<annotation>
	<folder>Wildlife animals</folder>
	<filename>Image_1.jpg</filename>
	<path>C:\Users\HP\Documents\wildlife dataset\Wildlife animals\Image_1.jpg</path>
	<source>
		<database>Unknown</database>
	</source>
	<size>
		<width>1920</width>
		<height>1200</height>
		<depth>3</depth>
	</size>
	<segmented>0</segmented>
	<object>
		<name>Brown bear</name>
		<pose>Unspecified</pose>
		<truncated>0</truncated>
		<difficult>0</difficult>
		<bndbox>
			<xmin>498</xmin>
			<ymin>193</ymin>
			<xmax>1900</xmax>
			<ymax>1109</ymax>
		</bndbox>
	</object>
	<object>
		<name>Brown bear</name>
		<pose>Unspecified</pose>
		<truncated>0</truncated>
		<difficult>0</difficult>
		<bndbox>
			<xmin>1090</xmin>
			<ymin>236</ymin>
			<xmax>1486</xmax>
			<ymax>1096</ymax>
		</bndbox>
	</object>
	<object>
		<name>Brown bear</name>
		<pose>Unspecified</pose>
		<truncated>0</truncated>
		<difficult>0</difficult>
		<bndbox>
			<xmin>1000</xmin>
			<ymin>170</ymin>
			<xmax>1183</xmax>
			<ymax>398</ymax>
		</bndbox>
	</object>
	<object>
		<name>Brown bear</name>
		<pose>Unspecified</pose>
		<truncated>0</truncated>
		<difficult>0</difficult>
		<bndbox>
			<xmin>1422</xmin>
			<ymin>186</ymin>
			<xmax>1798</xmax>
			<ymax>1128</ymax>
		</bndbox>
	</object>
</annotation>
