<annotation>
	<folder>Wildlife animals</folder>
	<filename>Image_2.jpg</filename>
	<path>C:\Users\HP\Documents\wildlife dataset\Wildlife animals\Image_2.jpg</path>
	<source>
		<database>Unknown</database>
	</source>
	<size>
		<width>1444</width>
		<height>960</height>
		<depth>3</depth>
	</size>
	<segmented>0</segmented>
	<object>
		<name>Leopard</name>
		<pose>Unspecified</pose>
		<truncated>0</truncated>
		<difficult>0</difficult>
		<bndbox>
			<xmin>56</xmin>
			<ymin>30</ymin>
			<xmax>1409</xmax>
			<ymax>922</ymax>
		</bndbox>
	</object>
</annotation>
