<annotation>
	<folder>Wildlife animals</folder>
	<filename>Image_3.jpg</filename>
	<path>C:\Users\HP\Documents\wildlife dataset\Wildlife animals\Image_3.jpg</path>
	<source>
		<database>Unknown</database>
	</source>
	<size>
		<width>1800</width>
		<height>1274</height>
		<depth>3</depth>
	</size>
	<segmented>0</segmented>
	<object>
		<name>Fox</name>
		<pose>Unspecified</pose>
		<truncated>1</truncated>
		<difficult>0</difficult>
		<bndbox>
			<xmin>152</xmin>
			<ymin>124</ymin>
			<xmax>1800</xmax>
			<ymax>1186</ymax>
		</bndbox>
	</object>
</annotation>
